"Plexus_Customer_No","Customer_No","Customer_Code","Customer_Name",
"63205","314373","3-Dimensional","3-Dimensional Services/Urgent",
"63205","334645","Accurite","Accu-Rite Industries, LLC.",
"63205","341302","Amvian","Amvian",
"63205","331916","Camaco","Camaco Lorain Manufacturing",
"63205","139573","Caparo","Caparo Vehicle Components",
"63205","152267","Carroll","Carroll Tool & Die Co.",
"63205","143196","Clingan","Clingan Steel",
"63205","767700","CMI","Combined Metal Industries, Inc.",
"63205","233738","Denso","Denso International America, Inc.",
"63205","152270","Digital","Digital Tool & Die, Inc.",
"63205","340362","E&E Manufacturing","E&E Manufacturing Co., Inc.",
"63205","340917","FBT","Fine Blanking & Tool Co., LTD",
"63205","341539","FCA - Fiat Chrysler","Fiat Chrysler Automobiles US LLC",
"63205","173566","FD Corporate","Fisher & Company",
"63205","320088","FD Evansville","Fisher Dynamics Evansville",
"63205","139576","FD Mexico","Fisher Dynamics Mexico",
"63205","146141","FD Poland","Fisher Dynamics Poland",
"63205","134595","FD SCS","Fisher Dynamics St Clair Shores",
"63205","303875","FD Troy","Fisher Dynamics Troy",
"63205","134609","Fisher SCS","Fisher Dynamics SCS",
"63205","341538","Ford","Ford Motor Company",
"63205","314083","General Mill","General Mill Supply Company",
"63205","145560","Global","Global Steel Corporation",
"63205","228874","GM - General Motors","General Motors LLC",
"63205","134672","GM Powertrain","GM Powertrain",
"63205","152950","GM Service","General Motors Corporation",
"63205","263361","GPC, Inc.","Green Processing Company, Inc.",
"63205","146242","Hollingsworth","Hollingsworth Distribution Systems",
"63205","301473","Hydro-Cam","Hydro-Cam Engineering",
"63205","232042","Impel","Impel Industries, Inc.",
"63205","152269","ITS","Internatinal Tooling Solutions",
"63205","342689","JNM Kentucky","JNM Kentucky, LLC",
"63205","290472","Lear MX","Lear Mexican Seating Corporation",
"63205","335198","Lear NA","Lear Corporation North America",
"63205","176029","M.D. Metals","M.D. Metals, Inc.",
"63205","152246","Macimex","Macimex",
"63205","340371","Majestic Industries","Majestic Industries, Inc.",
"63205","281629","Major Metals","Major Metals Corporation",
"63205","334204","Misc","Miscellaneous",
"63205","183973","Navistar (For Quote Purposes Only)","Navistar Engine Group - Lisle",
"63205","139574","Omnisource","Omnisource Corporation",
"63205","341904","Orion Metals","Orion Metals Co.",
"63205","139876","PM","Plante Moran",
"63205","139575","Radar","Radar Industries",
"63205","159034","Rapid Metals","Rapid Metals",
"63205","341323","Rivore","Rivore",
"63205","145506","SCAT","SCAT Enterprises, Inc.",
"63205","307362","Schaller","Schaller Corporation",
"63205","142819","SMI","SMI Crankshaft LLC. / Nippon Steel & Sumikin Crankshaft LLC.",
"63205","770101","Surplus Metals","Surplus Metals Corp",
"63205","183974","WABCO (For Quote Purposes Only)","WABCO Compressor Manufacturing Company",
"63205","339287","Wellington","Wellington Industries",
"63205","152268","Wetzel","Wetzel Tool & Engineering",
"63205","314374","Wico","Wico Metal Products- Central",
"63205","767734","Windy City","Windy City Metals",
"63205","311343","WMT","Windsor  Metals Technology",
"95506","172277","ABC Group","Undercar Products Group, Inc.",
"95506","313114","Adam Opel","Opel Automobile GmbH",
"95506","139578","Adient Bridgewater","Bridgewater Interiors",
"95506","140354","Adient Germany","Adient GmbH",
"95506","139748","Adient MIG","Adient US LLC",
"95506","139566","Adient MX","Adient Mexico",
"95506","139565","Adient NA","Adient US LLC",
"95506","323516","Adient SA","Adient South America",
"95506","340717","Amvian","Amvian",
"95506","232115","Armorworks","Armorworks Enterprises",
"95506","289488","Armorworks CAN","ArmorWorks Enterprises Canada, ULC.",
"95506","139577","Atwood","Atwood Mobile Products",
"95506","149883","BAE","BAE Systems",
"95506","140394","Bostrom","Bostrom Seating, Inc.",
"95506","340260","Brose","Brose North America Inc.",
"95506","139579","Camaco","Camaco Lorain Manufacturing",
"95506","177350","Caparo","Caparo Vehicle Components, Inc.",
"95506","767677","CMI","Combined Metal Industries, Inc.",
"95506","232202","CVG","Commercial Vehicle Group",
"95506","267957","Delta Kogyo","Delta Kogyo., Ltd.",
"95506","273736","Di-Matrix","Di-Matrix Precision Manufacturing",
"95506","149357","DO NOT USE","Lear Corp SSDI - Roscommon",
"95506","334736","Duke","Robert Nelson",
"95506","139586","Dura","Dura Automotive Systems",
"95506","342171","E&E Manufacturing","E&E Manufacturing Co., Inc.",
"95506","140357","Faurecia","Faurecia",
"95506","339692","FCA - Fiat Chrysler","Fiat Chrysler Automobiles US LLC",
"95506","139590","FD China","Fisher Dynamics Automotive Seating Components (Shanghai) Co., Ltd.",
"95506","173568","FD Corporate","Fisher & Company",
"95506","320090","FD Evansville","Fisher Dynamics Evansville",
"95506","237555","FD Mexico","Fisher Dynamics Mexico",
"95506","267607","FD Poland","Fisher Dynamics Poland",
"95506","767761","FD SCS","Fisher Dynamics St Clair Shores",
"95506","310680","FD Sterling Heights","Fisher Dynamics Metalforming Sterling Heights",
"95506","304350","FD Troy","Fisher Dynamics Troy",
"95506","346727","FDSCS-CBR","Fisher Dynamics SCS - CBR",
"95506","142359","Flexsteel","Flexsteel Industries, Inc.",
"95506","267725","Ford","Ford Motor Company",
"95506","175260","Fraza","Fraza Forklifts",
"95506","148961","Freedman","Freedman Seating Company",
"95506","181052","Futuris Australia","Futuris Automotive Interiors",
"95506","237772","General Seating","General Seating (Thailand) Co., Ltd.",
"95506","292655","GLR","GLR Recycling Solutions",
"95506","140439","GM - General Motors","General Motors LLC",
"95506","340604","GM Brazil","General Motors do Brasil Ltda.",
"95506","321574","GM de Mexico","General Motors Corporation",
"95506","139591","GM Germany","GM Europe-Global Purchasing",
"95506","142595","GM MGO","General Motors Corporation",
"95506","134671","GM Powertrain","General Motors Powertrain",
"95506","325696","GM SA","General Motors S.A.",
"95506","139592","GM Saturn","Saturn Corporation",
"95506","133407","GM Service","General Motors Corporation",
"95506","142594","GM-Lordstown","General Motors Corporation-Lordstown",
"95506","304520","GPC, Inc.","Green Processing Company, Inc.",
"95506","139585","GSK","GSK Technologies",
"95506","273598","Guelph","Guelph Tool Distribution",
"95506","183238","Hollingsworth","Hollingsworth Distribution Systems, LLC.",
"95506","139587","IACNA","International Automotive Components N.A.",
"95506","333568","Infinisource","Infinisource",
"95506","133458","JCI","Adient US, LLC.",
"95506","138678","JCI PARENT","JCI PARENT",
"95506","177464","JDRUSS (For Quote Purposes Only)","JD Russel",
"95506","341384","Joyson Safety","Joyson Safety Systems Acquisition, LLC",
"95506","319147","K and K Die","K and K Die, Inc.",
"95506","269323","KM&I CO., LTD","KM&I CO., LTD",
"95506","173767","Knoedler","Knoedler Mfg. Canada",
"95506","139093","LEAR","Lear Corporation",
"95506","139589","Lear Adv. Assy","Advanced Assembly, LLC.",
"95506","139092","Lear CAN","Lear Corporation Canada",
"95506","262928","Lear Europe","Lear Corporation",
"95506","139588","Lear IMA","Integrated Manufacturing & Assembly",
"95506","139091","Lear MX","Lear Mexican Seating Corporation",
"95506","138620","Lear NA","Lear Corporation North America",
"95506","272877","Lear Thailand","Lear Automotive (Thailand) Co., Ltd.",
"95506","341590","Lippert","Lippert Components Inc.",
"95506","139733","Magna","Magna Seating Systems",
"95506","311247","Magna Canada","Integram Windsor Seating",
"95506","142593","Magna Seating Detroit","Magna Seating Systems Detroit",
"95506","142728","Magna Seating Lordstown","Lordstown Seating Systems",
"95506","142592","Magna Seating Warren","Warren Seating Systems",
"95506","142381","Matrix","Matrix Manufacturing Inc.",
"95506","176030","MCE Industries","MCE Industries (Shanghai) Co., Ltd.",
"95506","183975","Milsco","Milsco Manufacturing Company",
"95506","140358","Misc","Misc",
"95506","182496","Mt. Clemens Metal","Mt. Clemens Metal Recycling",
"95506","133457","NHK","NHK Seating of America",
"95506","175393","Norco","Norco Industries",
"95506","143001","Omnisource","Omnisource Corporation",
"95506","133408","PM","Plante Moran",
"95506","266415","POLARIS","Polaris Industries Inc.",
"95506","347648","Prefix","Prefix Corporation",
"95506","304140","Prevent TWB","Prevent TWB GmbH & Co. KG",
"95506","346474","Qualtech","Qualtech Seating Systems",
"95506","284380","RCO","RCO Engineering, Inc.",
"95506","327622","Recaro","Recaro Automotive North America, LLC.",
"95506","304268","Redall Ind","Redall Industries, Inc.",
"95506","172971","Richmond Recycling","Richmond Recycling, inc.",
"95506","341324","Rivore","Rivore",
"95506","143130","SCAT","SCAT Enterprises, Inc.",
"95506","180495","Sears","Sears Seating",
"95506","140355","Shanghai MinFang","Shanghai MinFang Autoparts Co., Ltd.",
"95506","292896","Shockride","Shockride",
"95506","306216","Shrock Mfg.","Shrock Manufacturing, Inc.",
"95506","146028","SITECH","Sitech Sp, z o.o.",
"95506","330522","Southern Recycling","Southern Recycling",
"95506","139908","Span","UTi CL&D",
"95506","273616","Supply Tech","Supply Technologies",
"95506","139749","Ternes","Ternes Procurement Services",
"95506","347107","Tesca","Tesca",
"95506","133459","test","test for default carrier",
"95506","334740","Tri-County","Tri-County Transport (J.C. Trucking)",
"95506","271459","TS Tech Europe","TS Tech Deutschland  GmbH",
"95506","344085","US Treasury - CBP","United States Treasury - Customs Border Protection",
"95506","147031","USSC","USSC, LLC",
"95506","237546","Vintech Industries","Vintech Industries",
"95506","140356","Volkswagen","Volkswagen",
"95506","139567","Yanfeng China","Yanfeng (Yizheng) Seating Co., Ltd..",
"127843","172418","ABC Group","Undercar Products Group, Inc.",
"127843","140548","Adam Opel","Opel Automobile GmbH",
"127843","179970","Adient Bridgewater","Bridgewater Interiors",
"127843","142216","Adient COE","Adient US, LLC",
"127843","341552","Adient Futuris Automotive","Adient Futuris Newark",
"127843","273617","Adient GmbH","Adient Ltd. & Co. KG",
"127843","333720","Adient MIG","Adient MIG",
"127843","333274","Adient MX","Adient Mexico Automotriz S DE RL DE CV",
"127843","333096","Adient NA","Adient US LLC",
"127843","323675","Adient SA","Adient South America",
"127843","324392","Amvian","Amvian",
"127843","339498","Armorworks","Armorworks",
"127843","333460","Atwood","Atwood Mobile Products",
"127843","142914","BAE","BAE Systems",
"127843","338671","Bharat Forge","Bharat Forge Limited",
"127843","342903","BMW","Bavarian Motor Works",
"127843","142487","Bostrom","Bostrom Seating, Inc.",
"127843","340205","Brose","Brose North America Inc.",
"127843","177896","Camaco","Camaco Lorain Manufacturing",
"127843","767678","CMI","Combined Metal Industries, Inc.",
"127843","343803","CRH Africa Automotive (PTY) LTD","CRH Africa Automotive (PTY) LTD",
"127843","314479","CTS","CTS Automotive LLC",
"127843","338717","CVG","Commercial Vehicle Group Alabama LLC.",
"127843","229469","Daewoo","Daewoo International (America) Corp.",
"127843","267951","Delta Kogyo","Delta Kogyo., Ltd.",
"127843","145575","DMAX","DMAX, LTD",
"127843","333461","Dometic","Dometic Corporation",
"127843","335136","Duke","Robert Nelson",
"127843","340738","E&E Manufacturing","E&E Manufacturing Co., Inc.",
"127843","152353","Electricfil","Electricfil Corporation",
"127843","770322","Eurospec","Eurospec Manufacturing",
"127843","142214","Faurecia","Faurecia",
"127843","269295","Faurecia Europe","Faurecia Autositze GmbH",
"127843","305096","Faurecia France","Faurecia Sieges D'Automobile (FSA)",
"127843","345549","Faurecia Germany","Faurecia",
"127843","770103","Faurecia Monterrey","Faurecia Sistemas Automotrices De Mexico, S. de R.L. de C.V.",
"127843","269294","Faurecia SLP","Faurecia Automotrices De Mexico S.A. De C.V.",
"127843","315023","FCA - Fiat Chrysler","Fiat Chrysler Automobiles US LLC",
"127843","337229","FD Brownsville","Fisher Dynamics MetalForming Brownsville",
"127843","174744","FD China","Fisher Dynamics Automotive Seating Components (Shanghai) Co., Ltd.",
"127843","317078","FD China JV","Chongqing Fisher Dynamics Automotive Seating Components Co., Ltd.",
"127843","175947","FD Corporate","Fisher & Company",
"127843","320085","FD Evansville","Fisher Dynamics Evansville",
"127843","769888","FD Germany GmbH","Fisher Dynamics Germany GmbH",
"127843","326415","FD International","Fisher Dynamics International",
"127843","177482","FD Mexico","Fisher Dynamics Mexico",
"127843","262275","FD Poland","Fisher Dynamics Poland",
"127843","177481","FD SCS","Fisher Dynamics St Clair Shores",
"127843","340704","FD Sterling Heights","Fisher Dynamics Metalforming Sterling Heights",
"127843","333125","FD Troy","Fisher Dynamics Troy",
"127843","767251","FD Warren Warehouse","Fisher Dynamics Warren Warehouse",
"127843","346813","FDSCS-CBR","FD Fisher SCS - CBR",
"127843","337113","Feuer","Feuer Powertrain NA, Incorporated",
"127843","338263","First American","First American Equipment Finance",
"127843","142817","Fisher Energy","Fisher Energy, LLC.",
"127843","146384","Fisher Poland","Fisher Dynamics Poland S.p. z o.o",
"127843","345809","Flores","Flores & Associates",
"127843","282912","Ford","Ford",
"127843","142614","Freedman","Freedman Seating Company",
"127843","142490","Futuris Australia","Futuris Automotive Interiors",
"127843","333166","Futuris Automotive","Futuris Automotive (CA) LLC.",
"127843","333167","Futuris China","Futuris Automotive Components (WuXi) Co. Ltd.",
"127843","172427","Futuris Thailand","Futuris Automotive (Thailand) Co., LTD.",
"127843","343273","GDLS - Canada","General Dynamics Land Systems - Canada",
"127843","140488","GM","General Motors",
"127843","142368","GM - General Motors","General Motors LLC",
"127843","341127","GM Brazil","General Motors do Brasil Ltda.",
"127843","336047","GM Canada","General Motors of Canada Ltd.",
"127843","333344","GM de Mexico","General Motors Corporation",
"127843","337027","GM GTC","GM Global Tooling Company",
"127843","319047","GM Korea","GM Korea Company",
"127843","333164","GM MGO","General Motors Corporation",
"127843","333163","GM Powertrain","GM Powertrain",
"127843","321781","GM SA","General Motors S.A.",
"127843","333165","GM Service","General Motors Corporation",
"127843","345466","GraMag","GraMag Truck Interior Systems",
"127843","337092","H.O. Bostrom","H.O. Bostrom Co., Inc.",
"127843","299955","Hella","Hella Electronics Corporation",
"127843","344080","Henry Fligeltaub","Henry Fligeltaub Company",
"127843","344650","Henry Ford Health","Henry Ford Health System",
"127843","333860","Hollingsworth","Hollingsworth Distribution Systems",
"127843","314193","Hongli","Chongqing Hongli-Zhixin Automobile Parts Manufacturing Co., Ltd.",
"127843","770020","HSM Solutions","HSM Solutions",
"127843","333179","IACNA","International Automotive Components N.A.",
"127843","333570","Infinisource","Infinisource",
"127843","339946","JCI","Adient US, LLC.",
"127843","177469","JD Russel (For Quote Purposes Only)","JD Russel",
"127843","345289","JNM de Mexico S.A. de C.V.","JNM de Mexico S.A. de C.V.",
"127843","343026","JNM Kentucky","JNM Kentucky, LLC",
"127843","341739","Joyson Safety","Joyson Safety Systems Acquisition, LLC",
"127843","315160","K and K Die","K and K Die, Inc.",
"127843","332860","Karosseriewerke","KW Karosseriewerke Weinsberg GmbH",
"127843","343038","Kataman Metals","Kataman Metals",
"127843","343214","Kellogg Crankshaft","Kellogg Crankshaft",
"127843","269322","KM&I CO., LTD","KM&I CO., LTD",
"127843","338619","Knoedler","Knoedler Mfg. Canada",
"127843","333084","Kobay","Kobay Enstel Limited",
"127843","768188","Laser","Laser Access LLC",
"127843","273269","Lear Adv. Assy","Advanced Assembly, LLC.",
"127843","333656","Lear CAN","Lear Corporation Canada",
"127843","333580","Lear Europe","Lear Europe",
"127843","340325","Lear GmbH","Lear Corporation GmbH",
"127843","333750","Lear IMA","Integrated Manufacturing Group",
"127843","337585","Lear India","Lear Automotive India Pvt.Ltd",
"127843","333216","Lear MX","Lear Mexican Seating Corporation",
"127843","149654","Lear MX Seating","Lear Mexican Seating Corporation",
"127843","142213","Lear NA","Lear Corporation North America",
"127843","341668","Lear SA","Lear Corporation S.A,",
"127843","333162","Lear Thailand","Lear Automotive (Thailand) Co., Ltd.",
"127843","767231","Leggett & Platt","Leggett & Platt Incorporated",
"127843","338842","Lippert","Lippert Components Inc.",
"127843","333075","Macimex","Macimex",
"127843","142488","Magna","Magna Seating Systems",
"127843","311277","Magna Canada","Magna Seating Systems - Canada",
"127843","320047","Magna MX","Magna Seating Systems of Laredo",
"127843","336494","Magna Seating Detroit","Magna Seating Systems Detroit",
"127843","333719","Magna Seating Lordstown","Magna Seating",
"127843","340739","Majestic Industries","Majestic Industries, Inc.",
"127843","334932","Major Metals","Major Metals Corporation",
"127843","142217","Matrix","Matrix Manufacturing Inc.",
"127843","174683","MCE Industries","MCE Industries (shanghai) Co., Ltd.",
"127843","770277","Med-Eng","Med-Eng Holdings ULC",
"127843","345339","MGA Research","MGA Research Corporation",
"127843","768539","Military Systems","Military Systems Group",
"127843","183987","Milsco","Milsco Manufacturing Company",
"127843","143242","Misc","Miscellaneous",
"127843","767784","Mississauga","Mississauga Seating Systems",
"127843","335821","Mobius","Mobius Protection Systems Ltd.",
"127843","767043","MORryde","MORryde International, Inc.",
"127843","344278","MPI Engineered","MPI Engineered Technologies WIN, LLC.",
"127843","327613","Multimatic","Multimatic",
"127843","183985","Navistar (For Quote Purposes Only)","Navistar Engine Group - Lisle",
"127843","142485","NHK","NHK Seating of America, Inc.",
"127843","333477","Norco","Norco Industries",
"127843","333115","NSI - SMI","Nippon Steel & Sumikin Crankshaft LLC./SMI Crankshaft LLC",
"127843","338943","Olson","Olson Metal Products, LLC",
"127843","333120","Omnisource","Omnisource Corporation",
"127843","338193","Omron","Omron Automotive Technologies, Inc.",
"127843","342697","Opel","Opel Automobile GmbH",
"127843","341975","Orion Metals","Orion Metals Co.",
"127843","342605","Palmer","Palmer Engineering Inc.",
"127843","344940","Perfect Commerce","Perfect Commerce Global Purchasing, LLC",
"127843","336210","Precision Resource","Precision Resource",
"127843","347647","Prefix","Prefix Corporation",
"127843","770006","Premier","Premier Products, Inc.",
"127843","343486","Presswerk Hagen","Presswerk Hagen GmbH",
"127843","161288","Prevent TWB","Prevent TWB GmbH & Co. KG",
"127843","346451","Quad Industries","Quad Industries",
"127843","339776","Qualtech","Qualtech Seating Systems",
"127843","159014","RCO","RCO Engineering, Inc.",
"127843","292233","Recaro","Recaro North America, Inc.",
"127843","334991","Redall Ind","Redall Industries",
"127843","767371","Rivian","Rivian",
"127843","341454","Rivore","Rivore",
"127843","160664","S & G Press","S & G Press and Machinery",
"127843","293532","SAIC","SAIC USA, Inc.",
"127843","336042","SAIC GM","SAIC General Motors Corporation Limited",
"127843","334541","SCAT","SCAT Enterprises, Inc.",
"127843","339608","Schaller","Schaller Corporation",
"127843","303143","Sears","Sears Manufacturing Co.",
"127843","147238","Shanghai MinFang","Shanghai MinFang Autoparts Co., LTD.",
"127843","334399","Shrock Mfg.","Shrock Manufacturing, Inc.",
"127843","335630","Signature","Signature Financial LLC",
"127843","148176","SITECH","Sitech Sp, z o.o.",
"127843","333117","Southern Recycling","Southern Recycling",
"127843","769806","SpaceX","Space Exploration Technologies Corp.",
"127843","345315","Sparco","Sparco S.p.a",
"127843","345737","Sun-Air","Sun-Air Products, Inc.",
"127843","273615","Supply Tech","Supply Technologies",
"127843","770088","Surplus Metals","Surplus Metals Corp",
"127843","274046","TARDEC","RDECOM TARDEC",
"127843","333435","Ternes","Ternes Procurement Services",
"127843","344891","Tesca","Tesca",
"127843","145976","Test","Test Customer",
"127843","334910","Tri-County","Tri-County Transport (J.C. Trucking)",
"127843","342103","TRW","TRW Automotive - ZF",
"127843","173396","TS Tech","TS Tech Alabama",
"127843","267789","TS Tech Europe","TS Tech Deutschlan GmbH",
"127843","311300","TS Tech Hungary KFT","TS Tech Hungary KFT",
"127843","339607","TS Tech NA","TS Tech North America",
"127843","344088","US Treasury - CBP","United States Treasury - Customs Border Protection",
"127843","142712","USSC","USSC, LLC.",
"127843","768661","UTR","Universal Tube & Rollform Equipment Company",
"127843","334314","Volkswagen","Volkswagen",
"127843","160179","Volkswagen GmbH","Volkswagen GmbH",
"127843","159124","Volkswagen MX","Volkswagen de Mexico S.A. de C.V.",
"127843","183986","WABCO (For Quote Purposes Only)","WABCO Compressor Manufacturing Company",
"127843","768714","Warehouse Services","Warehouse Services, Inc",
"127843","338181","WDS","White Distribution & Supply, Inc.",
"127843","339600","Wellington","Wellington Industries",
"127843","339182","Wells Fargo","Wells Fargo Bank",
"127843","770348","WILKINSON","Wilkinson Gary Iron & Metal Inc.",
"127843","767796","Windy City","Windy City Metals",
"127843","339599","WMT","Windsor  Metals Technology",
"127843","346773","Woodbridge Foam","Woodbridge Foam Corporation",
"127843","338641","Woodforest Bank","Woodforest National Bank",
"127843","322850","WPI","Williamston Products, Inc.",
"127843","333657","WSilver","WSilver Recycling, Inc.",
"127843","292616","Yanfeng China","Yanfeng (Yizheng) Seating Co., Ltd..",
"127843","347297","Yanfeng Mexico","Yanfeng Seating Mexico SA DE CV",
"128449","139682","Adv. Assy","Advanced Assembly, LLC.",
"128449","139680","Bridgewater","Bridgewater Interiors",
"128449","303968","Esco","Esco Marine",
"128449","341544","FCA - Fiat Chrysler","Fiat Chrysler Automobiles US LLC",
"128449","173567","FD Corporate","Fisher & Company",
"128449","320087","FD Evansville","Fisher Dynamics Evansville",
"128449","138166","FD Mexico","Fisher Dynamics Mexico",
"128449","279796","FD SCS","Fisher Dynamics St Clair Shores",
"128449","339477","FD Troy","Fisher Dynamics Troy",
"128449","341545","Ford","Ford Motor Company",
"128449","302729","Fox Valley","Fox Valley Molding, Inc.",
"128449","341546","GM - General Motors","General Motors LLC",
"128449","326988","GM Service","General Motors Corporation",
"128449","139681","IMA","Integrated Manufacturing & Assembly",
"128449","233818","Innovative","Innovative Industrial",
"128449","139679","JCI","Johnson Controls Incorporated",
"128449","139684","JCI MX","Johnson Controls Inc. Mexico",
"128449","139683","JCI NA","Johnson Controls Inc. North America",
"128449","345089","JNM de Mexico S.A. de C.V.","JNM de Mexico S.A. de C.V.",
"128449","233456","JV Equipment","J.V. Equipment, Inc.",
"128449","139685","LEAR","Lear Corporation",
"128449","139686","Lear Mx","Lear Corporation Mexico",
"128449","139687","Lear NA","Lear Corporation North America",
"128449","139734","Magna","Magna Seating Systems",
"128449","140372","Mervis","Mervis-Texas, LP",
"128449","334784","Misc","Miscellaneous",
"128449","767509","Multitech","Multitech Industries Inc.",
"128449","338559","Olson","Olson Metal Products, LLC",
"128449","139877","PM","Plante Moran",
"128449","330523","Southern Recycling","Southern Recycling",
"128449","180695","Wolverine","Wolverine Press Feed Equipment,LLC.",
"128449","305245","WSilver","WSilver Recycling, Inc.",
"128450","176117","ABC Group","Undercar Products Group, Inc.",
"128450","146443","Adient Bridgewater","Bridgewater Interiors",
"128450","281885","Adient Futuris Automotive","Adient Futuris Newark",
"128450","146456","Adient MIG","Adient US LLC",
"128450","146452","Adient MX","Adient Mexico Automotriz S DE RL DE CV",
"128450","146451","Adient NA","Adient US LLC",
"128450","152155","Adient SA","Adient South America",
"128450","327315","Amvian","Amvian",
"128450","232169","Armorworks","Armorworks",
"128450","275730","Atwood","Atwood Mobile Products",
"128450","308395","Bostrom","Bostrom Seating, Inc.",
"128450","326760","Camaco","Camaco Lorain Manufacturing",
"128450","308394","CVG","Commercial Vehicle Group",
"128450","329933","Dometic","Dometic Corporation",
"128450","769505","Duroshox USA","Duroshox",
"128450","228424","Electricfil","Electricfil Corporation",
"128450","146472","EMTISA","Estampaciones Metalicas Y Transformados Industrial",
"128450","146470","Esteban","Esteban Ikeda S.A.",
"128450","160607","Faurecia","Faurecia Automotive Seating",
"128450","146445","Faurecia Germany","Faurecia",
"128450","769799","Faurecia Monterrey","Faurecia Sistemas Automotrices De Mexico, S. de R.L. de C.V.",
"128450","146444","Faurecia SLP","Faurecia Sistemas Automotrices De Mexico, S. de R.L. de C.V.",
"128450","341540","FCA - Fiat Chrysler","Fiat Chrysler Automobiles US LLC",
"128450","336017","FD Brownsville","Fisher Dynamics Brownsville",
"128450","146446","FD China","Fisher Dynamics Automotive Seating Components (Shanghai) Co., Ltd.",
"128450","332826","FD China JV","Chongqing Fisher Dynamics Automotive Seating Components Co., Ltd.",
"128450","161135","FD Corporate","Fisher & Company",
"128450","320089","FD Evansville","Fisher Dynamics Evansville",
"128450","146440","FD SCS","Fisher Dynamics St Clair Shores",
"128450","160679","Feintool","Feintool Cincinnati, Inc.",
"128450","307677","Flexsteel","Flexsteel Industries, Inc.",
"128450","341541","Ford","Ford Motor Company",
"128450","307680","Freedman","Freedman Seating Company",
"128450","234467","Futuris Australia","Futuris Automotive Interiors",
"128450","301461","Futuris China","Futuris Automotive Components (WuXi) Co. Ltd.",
"128450","295186","Futuris Shanghai","Orient International Business (Group) Co., Ltd",
"128450","341722","GDLS - Canada","General Dynamics Land Systems - Canada",
"128450","325325","GM - General Motors","General Motors LLC",
"128450","340617","GM Brazil","General Motors do Brasil Ltda.",
"128450","768786","GM Canada","General Motors of Canada Company",
"128450","146447","GM de Mexico","General Motors Corporation",
"128450","322903","GM Korea","GM Korea Company",
"128450","146449","GM MGO","General Motors Corporation",
"128450","333659","GM SA","General Motors S.A.",
"128450","176761","GM Service","General Motors Corporation",
"128450","154397","GM Shanghai","General Motors Warehousing and Trading Co; Ltd.",
"128450","347041","GraMag","GraMag Truck Interior Systems",
"128450","335867","H.O. Bostrom","H.O. Bostrom Co., Inc.",
"128450","306557","Hella","Hella Electronics Corporation",
"128450","290557","IACNA","International Automotive Components N.A.",
"128450","233827","Innovative","Innovative Industrial",
"128450","324096","KM&I CO., LTD","KM&I CO., LTD",
"128450","312205","Knoedler","Knoedler Mfg. Canada",
"128450","325640","Kobay","Kobay Enstel Limited",
"128450","768001","Laser","Laser Access LLC",
"128450","146442","Lear Adv. Assy","Advanced Assembly, LLC.",
"128450","339122","Lear CAN","Lear Corporation Canada",
"128450","173648","Lear China","Shanghai Lear Automotive Systems Co., Ltd.",
"128450","159927","Lear Europe","Lear Corporation",
"128450","321454","Lear GmbH","Lear Corporation GmbH",
"128450","146450","Lear IMA","Integrated Manufacturing & Assembly",
"128450","178550","Lear India","Lear Automotive India Pvt.Ltd",
"128450","146454","Lear MX","Lear Mexican Seating Corporation",
"128450","146453","Lear NA","Lear Corporation North America",
"128450","289458","Lear Thailand","Lear Automotive (Thailand) Co., Ltd.",
"128450","338535","Lippert","Lippert Components Inc.",
"128450","146455","Magna","Magna Seating Systems",
"128450","319979","Magna MX","Magna Seating, Inc.",
"128450","146471","Magna Spain","Magna Seating Spain S.A.",
"128450","307676","Matrix","Matrix Manufacturing, Inc.",
"128450","146457","Mervis","Mervis-Texas, LP",
"128450","308397","Milsco","Milsco Manufacturing Company",
"128450","333521","Misc","Miscellaneous",
"128450","317800","Mobius","Mobius Protection Systems Ltd.",
"128450","766871","MORryde","MORryde International, Inc.",
"128450","274256","Norco","Norco Industries",
"128450","325172","Opel","Opel Automobile GmbH",
"128450","284760","Orchid","Orchid International",
"128450","334269","Precision Resource","Precision Resource",
"128450","343449","Presswerk Hagen","Presswerk Hagen GmbH",
"128450","283176","Prevent TWB","Prevent TWB GmbH & Co. KG",
"128450","173421","Richmond Recycling","Richmond Recycling, Inc.",
"128450","308396","Sears","Sears Seating",
"128450","329833","Shockride","Shockride",
"128450","308392","Shrock Mfg.","Shrock Manufacturing, Inc.",
"128450","146458","Sitech","Sitech SP, Z.O.O.",
"128450","333258","Southern Recycling","Southern Recycling",
"128450","146459","Span","UTi CL&D",
"128450","347585","Ster","Ster Sp. z.o.o.",
"128450","345540","Sun-Air","Sun-Air Products, Inc.",
"128450","344529","Ternes","Ternes Procurement Services",
"128450","334334","TS Tech Europe","TS Tech Deutschlan GmbH",
"128450","311412","TS Tech Hungary KFT","TS Tech Hungary KFT",
"128450","314721","TS Tech NA","TS Tech Alabama",
"128450","345177","US Treasury - CBP","United States Treasury - Customs Border Protection",
"128450","147885","Volkswagen","Volkswagen Group of America",
"128450","271683","Volkswagen Canada","VWGoA Chattanooga Openrations, LLC",
"128450","146461","Volkswagen GmbH","Volkswagen GmbH",
"128450","146460","Volkswagen MX","Volkswagen De Mexico S.A. De C.V.",
"128450","335973","WDS","White Distributuion & Supply, Inc.",
"128450","770272","Wilkinson","Wilkinson Gary Iron & Metal Inc.",
"128450","305935","WSilver","WSilver Recycling, Inc.",
"128450","159382","Yanfeng China","Yanfeng (Yizheng) Seating Co. Ltd.",
"137088","341731","Fisher & Co","FISHER & COMPANY",
"144169","768414","合肥卓骏","合肥卓骏(长春卓俊汽车技术研发）",
"144169","768384","天成","浙江天成自控股份有限公司",
"144169","347773","上海通浮","上海通浮机电科技有限公司",
"144169","768467","乐科赛福-苏州","乐科赛福（苏州）座椅有限公司",
"144169","319135","Adam Opel AG","Adam Opel AG",
"144169","347265","ADT-FAW Faway","长春富维安道拓汽车金属零部件有限公司",
"144169","329685","ADT-NB","Ningbo Yanfeng Johnson Controls Seating Co., Ltd",
"144169","344116","ADT-NC","Nanchang Yanfeng Adient Automotive Components Co., Ltd",
"144169","303195","ADT-SY","Shenyang Yanfeng Johnson Controls Seating Co., Ltd.",
"144169","172392","ADT-TaiG","Adient & Summit Corporation Ltd.",
"144169","345611","ADT-Wuhan","延锋安道拓座椅（武汉）有限公司",
"144169","345199","ADT-Xuyang","长春旭阳汽车座椅有限公司",
"144169","340852","ADT-YT","Yanfeng Adient (Yantai) seating Co., Ltd",
"144169","305168","ADT-YT-FS","Shanghai Yanfeng Johnson Controls Seating Co., Ltd Yantai Fushan Branch",
"144169","346647","ATMK-Suzhou","苏州科莱佳新能源汽车科技有限公司",
"144169","769091","Bharat","Bharat Seats Limited Gurugram",
"144169","338688","CDW","Waelzholz",
"144169","347616","Changchun-FAWSN","富晟汽车座舱系统（长春）集团有限公司(卓骏投资 ）",
"144169","347283","Chenchang-Nanjing","南京陈唱交通器材有限公司(亿升）",
"144169","314981","CQFD","Chongqing Fisher Dynamics Automotive seating components Co.,Ltd",
"144169","345250","CQHH","重庆宏华唯实达汽车部件有限公司",
"144169","323084","CQHLZX","Chongqing Hongli Zhixin",
"144169","332749","CQJZ","Chongqing Junzhuo Mechanism Co., Ltd.",
"144169","341797","CVG-SH","仕驰汽车配套部件(上海)有限公司",
"144169","344864","DAHL","Dahl Engineering Aps",
"144169","333957","DFADT-WH","Dongfeng Adient Automotive Seating Co. Ltd",
"144169","333958","DFJC","Dongfeng Johnson Controls Automotive Seating Co.,Ltd",
"144169","769116","Dornier Seawings","道尼尔海翼无锡有限公司",
"144169","341499","Douyuan-HZ","杭州斗源机械电子有限公司",
"144169","344109","Duroshox-YD","Duro Shox Pvt Limited",
"144169","769261","fanya","泛亚汽车技术中心有限公司",
"144169","160189","Faurecia-CD","Changchun Faurecia Xuyang Automitve Seat co., Ltd.",
"144169","344485","Faurecia-Germany","Faurecia Autositze GmbH",
"144169","346770","Faurecia-Mexico","Faurecia Sistemas Autotrices De Mexico",
"144169","347578","Faurecia-SH","Faurecia (Shanghai) Automotive Systems",
"144169","295574","FD Corporate","Fisher & Company",
"144169","324492","FD Evansville","Fisher Dynamics - Evansville",
"144169","295123","FD Mexico","Fisher & Company, Inc. - Fisher Dynamics Matamoros",
"144169","294297","FD SCS","Fisher & Company - Fisher Dynamics",
"144169","343748","FD Troy","Fisher Dynamics Troy",
"144169","347664","FD-IB(jiashan)","飞适汽车配件（嘉善）有限公司",
"144169","175948","Fisher&Company","Fisher&Company",
"144169","767417","Fisher&Germany","Fisher Dynamics Germany GmbH",
"144169","768028","Fudi-Changsha","弗迪长沙工厂",
"144169","767718","Fudi-Zhengzhou","弗迪科技有限公司",
"144169","279692","Futuris SH","Futuris Automotive Interiors Trading (Shanghai) Co., Ltd",
"144169","347220","Futuris-AH","富卓汽车内饰(安徽)有限公司",
"144169","160187","Futuris-AU","Futuris Automotive Interiors (Australia) PTY Limit",
"144169","341020","Futuris-NB","Futuris Creative Automotive Component (Ningbo) Co.,Ltd",
"144169","347768","Futuris-QD","青岛富卓",
"144169","303197","Futuris-WX","Futuris Automotive Components (Wuxi) Co., Ltd",
"144169","769706","fuzun","富尊科技",
"144169","769264","fuzun-taicang","富尊科技（苏州）有限公司",
"144169","347209","FZLH","福州联泓交通器材有限公司",
"144169","770379","GB","好孩子儿童用品有限公司",
"144169","339806","GM Brasil","GM do Brasil Ltda.",
"144169","343425","GM Korea","GM Korea Company",
"144169","341727","GM LLC","General Motors LLC",
"144169","768660","hangyu-CQ","重庆杭宇汽车系统有限公司",
"144169","343666","HanSheng-YZ","扬州瀚昇汽车配件有限公司",
"144169","767253","HBZY-(Hongbo-B40L)","河北中亿永兴工贸有限公司",
"144169","341899","HLZX-BJ","麦格纳宏利汽车系统（陕西）有限公司",
"144169","342813","HLZX-CQ","麦格纳宏立汽车系统集团有限公司",
"144169","342487","HLZX-CX","麦格纳宏立汽车系统（浙江）有限公司",
"144169","343910","HLZX-GD","广东宏立至信汽车部件制造有限公司",
"144169","342517","HLZX-HB","麦格纳宏立汽车系统（河北）有限公司",
"144169","342519","HLZX-HF","麦格纳宏立汽车系统合肥有限公司",
"144169","347101","HLZX-HN","麦格纳宏立汽车系统集团有限公司湖南分公司",
"144169","768101","HLZX-Magna CQ","宏立至信麦格纳汽车座椅（重庆）有限公司",
"144169","347550","HLZX-NJ","麦格纳宏立汽车系统（江苏）有限公司",
"144169","770003","Hongbo-NB(B216)","宁波市鄞州宏波汽车零部件有限公司",
"144169","347152","Hongbo-NB(EX11)","宁波市鄞州宏波汽车零部件有限公司",
"144169","767485","Hongbo-NB(EX11-A3)","宁波市鄞州宏波汽车零部件有限公司",
"144169","343435","HongBo-NB(Yuantong)","宁波市鄞州宏波汽车零部件有限公司",
"144169","342621","HuaDu-WeiFang","潍坊市华都汽车零部件有限公司",
"144169","344603","Huaguan-Guangzhou","广州市华冠精冲零件有限公司",
"144169","323655","HYWL-Changzhou","Changzhou HuaYang Wanli Automotive Co.,Ltd",
"144169","767153","HYXT-Taizhou","台州市黄岩星泰塑料模具有限公司",
"144169","767980","Instic-Wuhu","安徽英斯泰克智能科技有限公司",
"144169","339736","Intier-JY","上海雅尔达汽车部件有限公司",
"144169","333765","JCI-Argentina","JOHNSON CONTROLS ARGENTINA",
"144169","310173","JCI-YT","Yantai Yanfeng Johnson Controls Seating Co., Ltd",
"144169","308458","JCI_China","Johson Controls",
"144169","767394","JF-AH","马鞍山坤盛汽车部件有限公司",
"144169","770310","JF-CQ","继峰汽车座椅（重庆）有限公司",
"144169","770316","JF-GZ","广州全盛汽车配件有限公司",
"144169","770315","JF-NB","新宏波机械有限公司",
"144169","767078","JF-NJ","南京大盛(顺堰)有限公司",
"144169","769844","Jiafeng-Hangzhou","jiafengHZ-嘉丰杭州",
"144169","344576","Jinyue-Changchun","吉林省金越交通装备股份有限公司",
"144169","339855","Jujin","Jujin",
"144169","343931","JuRong-SH","上海巨容精密机械有限公司",
"144169","340690","JXHM-DS","舟山市金欣汽车零部件有限公司",
"144169","305001","KM&I","KM&I CO., LTD",
"144169","332623","Kobay","Kobay Enstel Limited",
"144169","160188","Lear","Shanghai Lear Automotive Systems Co., Ltd",
"144169","342867","Lear-FAWSN","长春一汽富晟李尔汽车座椅系统有限公司",
"144169","344803","Lear-Jiaxing","Lear Automotive System (Jiaxing) Co., Ltd.",
"144169","768074","Lear-Ningbo","上海李尔汽车系统有限公司宁波分公司",
"144169","318476","Lear-SY","Lear Shenyang",
"144169","342432","Lippert","Lippert",
"144169","767361","Lixiang-北京车和家","北京车和家汽车科技有限公司",
"144169","767360","Lixiang-BJ","北京理想汽车有限公司",
"144169","347689","Lixiang-CQ","重庆理想汽车有限公司",
"144169","347784","Lixiang-SH","上海理想汽车科技有限公司",
"144169","160186","Magna","Magna (Fuzhou) Automotive Seating Co., Ltd",
"144169","300965","Magna America","Magna Seating of America, Inc.",
"144169","768564","Military Systerms Group","Military Systerms Group",
"144169","769095","Mubea Czech","Mubea Transmission Components s.r.o",
"144169","769096","Mubea Germany","Muhr und Bender KG",
"144169","347151","Ningbo-HB(Lear)","宁波市鄞州宏波汽车零部件有限公司",
"144169","307569","Opel","Adam Opel AG",
"144169","344062","OSY-SZ","苏州欧斯亚精密机械有限公司",
"144169","343117","Other","Other水电费",
"144169","346857","PRS-Suzhou","普瑞斯汽车科技（苏州）有限公司",
"144169","346301","Qingdao-Jinsheng","青岛金盛集团有限公司",
"144169","769340","QIRUI-WUHU","芜湖奇瑞科技有限公司",
"144169","342854","QuanSheng-WUXI","无锡全盛安仁机械有限公司",
"144169","343597","RIT-Shanghai","Shanghai Respecting Intelligence Technology Co., Ltd",
"144169","767287","Ruitai-Dalian","大连瑞泰",
"144169","347491","Ruitai-Wuhu","芜湖瑞泰汽车零部件有限公司",
"144169","303196","SAIC  USA","SAIC USA INC",
"144169","339994","SAM","SAM---PO",
"144169","342913","SCI","舒茨曼座椅（宁波）有限公司 浙江耀宁",
"144169","343202","SEAGULL-JS","JIANGSU SEAGULL VEHICLE INTERIORS CO.,LTD",
"144169","768834","sears","Sears Manufacturing Company",
"144169","292803","SGM","Shanghai General Motors Corporation Ltd.",
"144169","347005","SGM-Wuhan","SAIC General Motors Corporation Limited",
"144169","344411","SGM-Yantai","上汽通用汽车东岳工厂",
"144169","343991","ShuangYing-CD","成都双英汽车座椅有限公司",
"144169","770094","ShuangYing-Xian","西安双英汽车座椅有限公司",
"144169","347275","Sitech-SH","西德科（安徽）汽车座椅有限公司",
"144169","767615","Sundaram","Sundaram Industries Private Limited",
"144169","767179","Sunrise","Sunrise Engineering International Ltd.",
"144169","345439","Suzhou-Daqian","苏州大仟车辆部件有限公司",
"144169","345884","Suzhou-Xianglou","苏州翔楼新材料股份有限公司",
"144169","345625","Suzhou-Zhonghang","苏州中航车辆部件有限公司",
"144169","160191","SVW-NJ","Shanghai Volkswagen",
"144169","342468","SXHLZX","SHANXI HONGLIZHIXIN",
"144169","768493","Tesca-WH","泰斯卡汽车内饰件（武汉）有限公司",
"144169","347774","Torus Robotics Pvt Ltd","Torus Robotics Pvt Ltd",
"144169","303198","Toyota Boshoku","TOYOTA BOSHOKU (CHINA) CO., LTD.",
"144169","339448","TS Tech EU","TS TECH Hungary Kft",
"144169","767504","TS TECH PL","TS TECH Poland Sp. z o.o.",
"144169","340624","TS-TECH US","TS TECH ALBAMA",
"144169","344899","Vertrieb","Vertrieb Original Teile",
"144169","342972","VPIC-GROUP","Vietnam Precision Industrial Join Stock Company",
"144169","768218","VW-316Aftersales","安徽大众售后件",
"144169","767633","VW-AH","安徽大众",
"144169","343495","VW-DE","Volkswagen AG",
"144169","340238","XGE-CD","成都西格尔汽车部件有限公司",
"144169","340348","XGE-CZ","JiangSu xierge Interior decoration co. LTD",
"144169","345749","Xiamen-RDX","厦门瑞达信塑胶制品有限公司",
"144169","342212","Xiangxin-DG","祥鑫科技股份有限公司",
"144169","346779","yahu-changchun","长春雅虎汽车部件有限公司",
"144169","769214","Yahu-changsha","雅虎上海分公司长沙工厂(雅尔达）",
"144169","344900","Yahu-Chengdu","成都雅虎汽车内饰有限公司",
"144169","341782","Yahu-Zhejiang","浙江雅虎汽车部件有限公司",
"144169","271451","Yang","Yang Auto",
"144169","341211","Yanpu-HS","HuangShan Yanpu Metal Products Co., Ltd.",
"144169","337123","Yanpu-SH","Shanghai Yanpu Metal Products Co. Ltd.",
"144169","346893","YF-MEXICO","YANFENG SEATING MEXICO SA DE CV",
"144169","287809","YF-SH-KQ","延锋国际座椅系统有限公司",
"144169","767416","YF-SH-LG","延锋国际座椅系统有限公司上海临港分公 司",
"144169","332928","YF-SH-XP","上海延锋座椅有限公司",
"144169","343511","YFADT-CD","成都延锋安道拓汽车部件系统有限公司",
"144169","341021","YFADT-CQ","Chongqing Yanfeng Adient Automotive Components Co., L",
"144169","343925","YFADT-NanChang","南昌延锋安道拓汽车部件系统有限公司",
"144169","343749","YFADT-TaiZhou","台州延锋安道拓汽车部件系统有限公司",
"144169","768073","Yisheng","亿升（南京）金属制品有限公司",
"144169","339383","Yuantong Seating","Shanghai Yuantong Seating System Co. Ltd.",
"144169","342855","YuanTong-FoShan","佛山元通座椅系统有限公司",
"144169","343524","YuanTong-Guangzhou","上海元通座椅系统有限公司（广州萝岗工厂）",
"144169","342225","YuanTong-SH","上海元通座椅系统有限公司",
"144169","767200","ZF-SH","采埃孚汽车科技（上海）有限公司",
"144169","767240","Zhejiang-Dashi","浙江大世汽车座椅有限公司",
"144169","767954","Zhejiang-Jiafeng","浙江嘉丰汽车座椅有限公司",
"144169","345661","Zhejiang-Tianxi","浙江天玺展览有限公司",
"144169","770192","ZYHK","中仪华控",
"145044","312393","A. Kowalski","Arkadiusz Kowalski",
"145044","282765","Becker","Becker Polska Sp. z.o.o",
"145044","274102","Employee","Employee",
"145044","311725","FD Corporate","Fisher & Company",
"145044","312395","I. Demianczuk","Ireneusz Demianczuk",
"145044","312394","K. Korol","Katarzyna Korol",
"145044","231934","Presswerk","TWB Presswerk Gmbh & Co. KG",
"145044","311752","Przedsiebiorstwo","Przedsiębiorstwo Usług Komunalnych van Gansewinkel Legnica Sp. z o.o.",
"145044","182597","R-Power Polska","R-Power Polska Spolka z organiczona",
"145044","331713","Remondis","Remondis Legnica Sp. z o.o.",
"145044","146225","Sitech","Sitech SP z.o.o.",
"172033","344512","Ford","Ford Motor Company",
"172064","770209","Adient NA","Adient US LLC",
"172064","340777","Amvian","Amvian",
"172064","338668","Bharat Forge","Bharat Forge Limited",
"172064","332700","Camaco","Camaco Lorain Manufacturing",
"172064","300643","Clingan","Clingan Steel",
"172064","767701","CMI","Combined Metal Industries, Inc.",
"172064","343407","CRH Africa Automotive (PTY) LTD","CRH Africa Automotive (PTY) LTD",
"172064","346569","Curtis Metal","Curtis Metal Finishing Group",
"172064","324979","Electricfil","Electricfil Corporation",
"172064","769506","Eurospec","Eurospec Manufacturing",
"172064","341536","FCA - Fiat Chrysler","Fiat Chrysler Automobiles US LLC",
"172064","338706","FD China","Fisher Dynamics Automotive Seating Components (Shanghai) Co., Ltd.",
"172064","262206","FD Corporate","Fisher & Company",
"172064","320086","FD Evansville","Fisher Dynamics Evansville",
"172064","262207","FD Mexico","Fisher Dynamics Mexico",
"172064","262208","FD Poland","Fisher Dynamics Poland",
"172064","262209","FD SCS","Fisher Dynamics St Clair Shores",
"172064","327868","FD Sterling Heights","Fisher Dynamics Metalforming Sterling Heights",
"172064","324645","Feuer","Feuer Powertrain",
"172064","341537","Ford","Ford Motor Company",
"172064","267253","GM - General Motors","General Motors LLC",
"172064","312704","GM Canada","General Motors of Canada Ltd.",
"172064","312637","GM de Mexico","General Motors Corporation",
"172064","262211","GM Powertrain","General Motors Powertrain",
"172064","267254","GM Service","General Motors Corporation",
"172064","305905","Hella","Hella Electronics Corporation",
"172064","267255","Hollingsworth","Hollingsworth Distribution Systems",
"172064","333567","Infinisource","Infinisource",
"172064","342688","JNM Kentucky","JNM Kentucky, LLC",
"172064","342906","Kellogg Crankshaft","Kellogg Crankshaft",
"172064","267256","Macimex","Macimex",
"172064","342094","Magna","Magna Seating Systems",
"172064","295724","Major Metals","Major Metals Corporation",
"172064","333689","Misc","Miscellaneous",
"172064","343964","MPI Engineered","MPI Engineered Technologies WIN, LLC.",
"172064","340786","NHK","NHK Seating of America",
"172064","267260","NSI - SMI","Nippon Steel & Sumikin Crankshaft LLC./SMI Crankshaft LLC. /",
"172064","273731","Omnisource","Omnisource Corporation",
"172064","341903","Orion Metals","Orion Metals Co.",
"172064","342310","Palmer","Palmer Engineering Inc.",
"172064","275767","Precision Boring","Precision Boring Company",
"172064","307281","Precision Resource","Precision Resource",
"172064","267257","Radar","Radar Industries",
"172064","322134","Redall Ind","Redall Industries, Inc.",
"172064","341322","Rivore","Rivore",
"172064","315122","SAIC","SAIC USA, Inc.",
"172064","336043","SAIC GM","SAIC General Motors Corporation Limited",
"172064","267258","SCAT","SCAT Enterprises, Inc.",
"172064","341275","Sitech","Sitech SP z.o.o.",
"172064","770063","Surplus Metals","Surplus Metals Corp",
"172064","768937","Windy City","Windy City Metals",
"282515","323811","Adient Bridgewater","Bridgewater Interiors",
"282515","320365","Adient NA","Adient US LLC",
"282515","340614","Amvian","Amvian",
"282515","338435","Camaco","Camaco Lorain Manufacturing",
"282515","341543","FCA - Fiat Chrysler","Fiat Chrysler Automobiles US LLC",
"282515","321924","FD Corporate","Fisher & Company",
"282515","326952","FD Mexico","Fisher Dynamics Mexico",
"282515","332426","FD SCS","Fisher Dynamics St Clair Shores",
"282515","341542","Ford","Ford Motor Company",
"282515","334081","GM - General Motors","General Motors LLC",
"282515","340723","GM de Mexico","General Motors Corporation",
"282515","321549","GM MGO","General Motors Corporation",
"282515","340359","GM Powertrain","GM Powertrain",
"282515","326661","GM Service","General Motors Corporation",
"282515","768733","GraMag","GraMag Truck Interior Systems",
"282515","344079","Henry Fligeltaub","Henry Fligeltaub Company",
"282515","333569","Infinisource","Infinisource",
"282515","767709","Lear Adv. Assy","Advanced Assembly, LLC.",
"282515","338633","Lear MX","Lear Mexican Seating Corporation",
"282515","335678","Lear NA","Lear Corporation North America",
"282515","320371","Magna","Magna Seating Systems",
"282515","335657","Misc","Miscellaneous",
"282515","767782","Mississauga","Mississauga Seating Systems",
"282515","325627","Omnisource","Omnisource Corporation",
"282515","339731","Qualtech","Qualtech Seating Systems",
"282515","341325","Rivore","Rivore",
"282515","769877","Sears","Sears Manufacturing Co.",
"282515","769295","Ternes","Ternes Procurement Services",
"282515","344087","US Treasury - CBP","United States Treasury - Customs Border Protection",
"282515","768699","Warehouse Services","Warehouse Services, Inc",
"322369","346664","Magna","Magna Seating Systems",
"322369","767682","Sikora","Sikora Metals, Inc.",
"328379","767537","景德镇泰源","景德镇泰源创业投资管理有限公司",
"328379","768080","汽配（上海）","汽配（上海）",
"328379","767583","浙江一路","浙江一路",
"328379","770274","浙江耀欧","浙江耀欧汽车零部件有限公司",
"328379","766951","顾家家居","顾家家居",
"328379","770000","Fisher Technology (Jiashan)","Fisher Technology (Jiashan)",
